ate_diff_means,ate_regression,se_clustered
0.021547619047619038,0.02181318748094355,0.0013106900930326898
