ITT,first_stage,TOT_IV_LATE
3.9585912190157613,0.7977428571428572,4.962239628435644
