sigma_u,tau_true,tau_oracle_mean,tau_naive_mean,tau_cal_mean,tau_placebo_mean,tau_oracle_q025,tau_oracle_q975,tau_naive_q025,tau_naive_q975,tau_cal_q025,tau_cal_q975,beta_true,beta_oracle_mean,beta_naive_mean,beta_cal_mean
0.0,1.0,0.9736793624205611,0.9736793624205611,0.9736793624205611,-0.0031502627022815294,0.9736793624205609,0.9736793624205609,0.9736793624205609,0.9736793624205609,0.9736793624205609,0.9736793624205609,1.0,1.0154460156878042,1.0154460156878042,1.015446015687805
0.2,1.0,0.9736793624205611,1.0095631344597784,1.0095631344597786,0.03298972864583813,0.9736793624205609,0.9736793624205609,0.9998955814365447,1.0198421684297325,0.999895581436546,1.0198421684297323,1.0,1.0154460156878042,0.9685234288143089,1.010455111966863
0.5,1.0,0.9736793624205611,1.1756718279926273,1.1756718279926273,0.1983651008000992,0.9736793624205609,0.9736793624205609,1.1544247306091115,1.1967422364617453,1.1544247306091118,1.1967422364617468,1.0,1.0154460156878042,0.7743791995941028,0.9775394965002254
1.0,1.0,0.9736793624205611,1.4450825448646858,1.4450825448646858,0.46351463253579034,0.9736793624205609,0.9736793624205609,1.4230368384283896,1.469579791890342,1.4230368384283887,1.4695797918903417,1.0,1.0154460156878042,0.44952630036671415,0.9187107474405907
2.0,1.0,0.9736793624205611,1.6792297658657664,1.6792297658657678,0.6958946491992516,0.9736793624205609,0.9736793624205609,1.6555697396097457,1.699715131770703,1.6555697396097455,1.6997151317707029,1.0,1.0154460156878042,0.17069113347261738,0.8754257381248001
