model,mae,rmse,r2
word2vec_ridge,0.2721543312072754,0.3659416123899422,0.07246220111846924
